Comment,Designator,Footprint,LCSC,Quantity
0.1uF,"C10,C11,C12,C13,C14,C15,C34",C_0603_1608Metric,C1590,7
0.1uf,"C16,C17,C18,C19,C20,C21,C22,C23,C24,C25,C26,C27,C28,C29,C30,C31,C32,C33",C_0603_1608Metric,C1590,18
1.8k,"R81,R87,R91,R94,R96,R98",R_0603_1608Metric,C4177,6
100nF,"C35,C36,C37",CP_Elec_4x5.4,C271438,3
10k,"R117,R118,R119,R120,R121,R122,R123,R124,R125,R126,R127,R128,R129,R130",R_0603_1608Metric,C15401,14
10nF,"C39,C40",C_0603_1608Metric,C1589,2
10uF,C3,C_Elec_4x5.4,C3343,1
150,"R2,R4",R_0603_1608Metric,C22808,2
1N5824,"D2,D3,D6",D_A-405_P12.70mm_Horizontal,C508482,3
1k,"R10,R12,R14,R16,R18,R20,R22,R29,R30,R31,R32,R33,R34,R37,R38,R45,R46,R47,R48,R49,R50,R53,R54,R8,R85,R86",R_0603_1608Metric,C14676,26
200,"R100,R71,R72,R73,R74,R75,R99",R_0603_1608Metric,C8218,7
220nF,"C38,C41,C42,C43,C44",C_0603_1608Metric,C1606,5
220uF,"C6,C7,C9",C_Elec_8x10.2,C3340,3
250,"R79,R82,R84,R88,R90,R92",R_0805_2012Metric,C2828827,6
2k,"R55,R56,R57,R58,R59,R60,R61,R62,R63,R64,R65,R66,R67,R68,R69,R70",R_0603_1608Metric,C22975,16
33uH,"L1,L2,L3",L_Chilisin_BMRF00101040,C6364680,3
4.7k,"R5,R6,R77,R78,R80,R83,R89,R93,R95,R97",R_0603_1608Metric,C23162,10
470uF,"C1,C2",C_Elec_10x10.2,C3351,2
500,R1,R_0805_2012Metric,C2828857,1
510,"R101,R102,R103,R104,R105,R106,R107,R108,R109,R11,R110,R111,R112,R113,R114,R115,R116,R13,R15,R17,R19,R21,R23,R24,R25,R26,R27,R28,R35,R36,R39,R40,R41,R42,R43,R44,R51,R52,R7,R9",R_0603_1608Metric,C23193,40
680uF,"C4,C5,C8",CP_Elec_5x5.4,C3337,3
75,R3,R_0603_1608Metric,C4275,1
LED_Green,"D48,D49,D50,D53",L_0603_1608Metric,C118334,4
LED_Green,"D1,D4,D5,D7",LED_0805_2012Metric,C84260,4
LED_Red,"D51,D52,D54",L_0603_1608Metric,C2286,3
Raspberry_Pi_4b_GPIO_Header,U4,PinHeader_2x20_P2.54mm_Vertical,C3326996,1
TCA9406DCUR,U35,VSSOP-8_2.3x2mm_P0.5mm,C840107,1
Conn_01x24_Socket,J5,Connector PTSA 24Pos Pitch=2.5mm,,1
2N4401,Q5,TO-92_Inline_Wide_EBC,,1
2N4401,Q2,TO-92_Inline_Wide_EBC,,1
2N4401,Q13,TO-92_Inline_Wide_EBC,,1
4N35,U28,DIP-6_W7.62mm,,1
LED,D19,D_0603_1608Metric,,1
LED,D58,D_0603_1608Metric,,1
LED,D22,D_0603_1608Metric,,1
LED,D65,D_0603_1608Metric,,1
2N4401,Q14,TO-92_Inline_Wide_EBC,,1
Conn_01x01_Pin,J20,PinHeader_1x01_P1.00mm_Vertical,,1
LED,D25,D_0603_1608Metric,,1
LED,D28,D_0603_1608Metric,,1
4N35,U8,DIP-6_W7.62mm,,1
Conn_01x16_Socket,J6,1989887,,1
1N4148,D44,D_DO-35_SOD27_P7.62mm_Horizontal,,1
LED,D13,D_0603_1608Metric,,1
TPS26610,U42,SOT-23-8,,1
2N4401,Q11,TO-92_Inline_Wide_EBC,,1
4N35,U9,DIP-6_W7.62mm,,1
4N35,U25,DIP-6_W7.62mm,,1
Screw_Terminal_01x02,J22,691137710002,,1
LED,D12,D_0603_1608Metric,,1
Heatsink,HS1,Heatsink_TO-220_V6560W,,1
Conn_01x01_Pin,J19,PinHeader_1x01_P1.00mm_Vertical,,1
AZ9571-1C-12DSE,K7,RELAY6_AZ9571-1C-12DSE_AMZ,,1
1990009,J15,1990009,,1
2N4401,Q15,TO-92_Inline_Wide_EBC,,1
~,U5,DIP-16_W7.62mm,,1
4N35,U11,DIP-6_W7.62mm,,1
LED,D64,D_0603_1608Metric,,1
LED,D69,D_0603_1608Metric,,1
1990009,J14,1990009,,1
1N4148,D36,D_DO-35_SOD27_P7.62mm_Horizontal,,1
LM2596T-5,U3,TO-220-5_P3.4x3.7mm_StaggerOdd_Lead3.8mm_Vertical,,1
LED,D14,D_0603_1608Metric,,1
LED,D16,D_0603_1608Metric,,1
TPS26610,U39,SOT-23-8,,1
LED,D31,D_0603_1608Metric,,1
1N4148,D35,D_DO-35_SOD27_P7.62mm_Horizontal,,1
AZ9571-1C-12DSE,K12,RELAY6_AZ9571-1C-12DSE_AMZ,,1
LED,D26,D_0603_1608Metric,,1
Conn_01x01_Pin,J21,PinHeader_1x01_P1.00mm_Vertical,,1
1990009,J13,1990009,,1
4N35,U19,DIP-6_W7.62mm,,1
AZ9571-1C-12DSE,K13,RELAY6_AZ9571-1C-12DSE_AMZ,,1
2N4401,Q9,TO-92_Inline_Wide_EBC,,1
1N4148,D40,D_DO-35_SOD27_P7.62mm_Horizontal,,1
1990009,J16,1990009,,1
LED,D21,D_0603_1608Metric,,1
AZ9571-1C-12DSE,K2,RELAY6_AZ9571-1C-12DSE_AMZ,,1
LED,D67,D_0603_1608Metric,,1
LED,D29,D_0603_1608Metric,,1
~,U31,DIP-16_W7.62mm,,1
Conn_01x01_Pin,J18,PinHeader_1x01_P1.00mm_Vertical,,1
Heatsink,HS2,Heatsink_TO-220_V6560W,,1
4N35,U12,DIP-6_W7.62mm,,1
LED,D68,D_0603_1608Metric,,1
~,U33,DIP-16_W7.62mm,,1
2N4401,Q4,TO-92_Inline_Wide_EBC,,1
1N4148,D33,D_DO-35_SOD27_P7.62mm_Horizontal,,1
TPS26610,U43,SOT-23-8,,1
1N4148,D34,D_DO-35_SOD27_P7.62mm_Horizontal,,1
AZ9571-1C-12DSE,K10,RELAY6_AZ9571-1C-12DSE_AMZ,,1
AZ9571-1C-12DSE,K9,RELAY6_AZ9571-1C-12DSE_AMZ,,1
1N4148,D37,D_DO-35_SOD27_P7.62mm_Horizontal,,1
1N4148,D46,D_DO-35_SOD27_P7.62mm_Horizontal,,1
~,U44,DIP-16_W7.62mm,,1
4N35,U6,DIP-6_W7.62mm,,1
LM2596T-3.3,U2,TO-220-5_P3.4x3.7mm_StaggerOdd_Lead3.8mm_Vertical,,1
2N4401,Q12,TO-92_Inline_Wide_EBC,,1
LED,D27,D_0603_1608Metric,,1
Conn_01x01_Pin,J23,PinHeader_1x01_P1.00mm_Vertical,,1
ADS1115IDGSR,U36,TSSOP-10_3x3mm_P0.5mm,,1
1N4148,D43,D_DO-35_SOD27_P7.62mm_Horizontal,,1
LED,D10,D_0603_1608Metric,,1
LED,D61,D_0603_1608Metric,,1
LED,D66,D_0603_1608Metric,,1
AZ9571-1C-12DSE,K3,RELAY6_AZ9571-1C-12DSE_AMZ,,1
LED,D17,D_0603_1608Metric,,1
4N35,U18,DIP-6_W7.62mm,,1
LED,D18,D_0603_1608Metric,,1
LED,D15,D_0603_1608Metric,,1
1N4148,D41,D_DO-35_SOD27_P7.62mm_Horizontal,,1
2N4401,Q7,TO-92_Inline_Wide_EBC,,1
~,U34,DIP-16_W7.62mm,,1
1N4148,D38,D_DO-35_SOD27_P7.62mm_Horizontal,,1
4N35,U21,DIP-6_W7.62mm,,1
AZ9571-1C-12DSE,K11,RELAY6_AZ9571-1C-12DSE_AMZ,,1
LED,D11,D_0603_1608Metric,,1
AZ9571-1C-12DSE,K1,RELAY6_AZ9571-1C-12DSE_AMZ,,1
2N4401,Q8,TO-92_Inline_Wide_EBC,,1
4N35,U14,DIP-6_W7.62mm,,1
4N35,U16,DIP-6_W7.62mm,,1
Conn_01x24_Socket,J3,Connector PTSA 24Pos Pitch=2.5mm,,1
1990009,J11,1990009,,1
4N35,U17,DIP-6_W7.62mm,,1
LED,D59,D_0603_1608Metric,,1
2N4401,Q16,TO-92_Inline_Wide_EBC,,1
~,U22,DIP-16_W7.62mm,,1
ADS1115IDGSR,U37,TSSOP-10_3x3mm_P0.5mm,,1
Power_Rasperry,J2,TerminalBlock_MetzConnect_Type055_RT01502HDWU_1x02_P5.00mm_Horizontal,,1
Screw_Terminal_01x02,J17,691137710002,,1
AZ9571-1C-12DSE,K14,RELAY6_AZ9571-1C-12DSE_AMZ,,1
1N4148,D47,D_DO-35_SOD27_P7.62mm_Horizontal,,1
1N4148,D32,D_DO-35_SOD27_P7.62mm_Horizontal,,1
AZ9571-1C-12DSE,K5,RELAY6_AZ9571-1C-12DSE_AMZ,,1
LED,D30,D_0603_1608Metric,,1
1N4148,D42,D_DO-35_SOD27_P7.62mm_Horizontal,,1
4N35,U20,DIP-6_W7.62mm,,1
Conn_01x01_Pin,J24,PinHeader_1x01_P1.00mm_Vertical,,1
1N4148,D39,D_DO-35_SOD27_P7.62mm_Horizontal,,1
4N35,U29,DIP-6_W7.62mm,,1
2N4401,Q6,TO-92_Inline_Wide_EBC,,1
4N35,U15,DIP-6_W7.62mm,,1
4N35,U23,DIP-6_W7.62mm,,1
2N4401,Q1,TO-92_Inline_Wide_EBC,,1
4N35,U7,DIP-6_W7.62mm,,1
1990012,J10,1990012,,1
Conn_01x24_Socket,J4,Connector PTSA 24Pos Pitch=2.5mm,,1
4N35,U30,DIP-6_W7.62mm,,1
2N4401,Q3,TO-92_Inline_Wide_EBC,,1
LED,D70,D_0603_1608Metric,,1
TPS26610,U38,SOT-23-8,,1
4N35,U27,DIP-6_W7.62mm,,1
1N4148,D45,D_DO-35_SOD27_P7.62mm_Horizontal,,1
AZ9571-1C-12DSE,K6,RELAY6_AZ9571-1C-12DSE_AMZ,,1
1990012,J9,1990012,,1
4N35,U24,DIP-6_W7.62mm,,1
4N35,U10,DIP-6_W7.62mm,,1
Heatsink,HS3,Heatsink_TO-220_V6560W,,1
LED,D8,D_0603_1608Metric,,1
LED,D57,D_0603_1608Metric,,1
"Screw_Terminal_0,5-6,0mm2",J1,PCB_terminal_block_1932588,,1
4N35,U26,DIP-6_W7.62mm,,1
LED,D23,D_0603_1608Metric,,1
TPS26610,U41,SOT-23-8,,1
LED,D60,D_0603_1608Metric,,1
"Screw_Terminal_0,5-6,0mm2",J8,PCB_terminal_block_1932588,,1
~,U32,DIP-16_W7.62mm,,1
LED,D62,D_0603_1608Metric,,1
LED,D24,D_0603_1608Metric,,1
LED,D20,D_0603_1608Metric,,1
LED,D55,D_0603_1608Metric,,1
4N35,U13,DIP-6_W7.62mm,,1
Conn_01x06_Pin,J25,PinHeader_1x06_P2.54mm_Vertical,,1
LED,D9,D_0603_1608Metric,,1
TPS26610,U40,SOT-23-8,,1
LM2596T-5,U1,TO-220-5_P3.4x3.7mm_StaggerOdd_Lead3.8mm_Vertical,,1
AZ9571-1C-12DSE,K16,RELAY6_AZ9571-1C-12DSE_AMZ,,1
2N4401,Q10,TO-92_Inline_Wide_EBC,,1
AZ9571-1C-12DSE,K15,RELAY6_AZ9571-1C-12DSE_AMZ,,1
1990009,J12,1990009,,1
LED,D63,D_0603_1608Metric,,1
LED,D56,D_0603_1608Metric,,1
Conn_01x16_Socket,J7,1989887,,1
AZ9571-1C-12DSE,K8,RELAY6_AZ9571-1C-12DSE_AMZ,,1
AZ9571-1C-12DSE,K4,RELAY6_AZ9571-1C-12DSE_AMZ,,1
TL2230OAF140,SW5,TL2230OAF140,,1
TL2230OAF140,SW2,TL2230OAF140,,1
TL2230OAF140,SW3,TL2230OAF140,,1
TL2230OAF140,SW4,TL2230OAF140,,1
PEC11R-4220K-S0024,SW1,PEC11R,,1
RP,RP,RP_PI_4B,,1
4.3_Display,DP,4.3_Display,,1
